Order_id,Order_Date,Region
1,31-12-2024,North
2,27-11-2022,East
3,11-05-2022,South
4,16-03-2024,South
5,10-09-2022,West
6,01-12-2023,West
7,09-10-2023,North
8,14-01-2022,South
9,02-04-2022,East
10,22-10-2024,South
11,04-12-2023,South
12,27-09-2022,East
13,21-12-2023,North
14,03-02-2024,West
15,10-10-2023,West
16,16-10-2022,East
17,15-05-2022,North
18,11-02-2023,South
19,27-12-2023,East
20,05-10-2023,North
21,05-03-2024,North
22,18-07-2023,North
23,25-06-2023,West
24,13-11-2023,North
25,09-07-2022,North
26,11-12-2023,West
27,18-03-2023,West
28,09-08-2024,North
29,04-05-2024,North
30,04-09-2022,West
31,21-10-2022,West
32,22-01-2024,West
33,09-04-2023,North
34,07-02-2023,South
35,04-05-2023,North
36,18-04-2023,South
37,12-12-2022,West
38,11-09-2022,West
39,26-03-2024,West
40,20-09-2023,East
41,25-05-2023,North
42,04-12-2022,South
43,10-06-2022,West
44,05-02-2023,West
45,20-01-2024,South
46,27-01-2022,South
47,29-03-2023,West
48,17-01-2022,West
49,26-11-2024,West
50,19-09-2024,West
51,20-07-2023,South
52,03-05-2024,East
53,03-09-2022,West
54,09-07-2024,West
55,17-11-2022,West
56,28-12-2023,East
57,30-05-2022,South
58,17-04-2024,East
59,30-09-2024,West
60,02-06-2024,South
61,26-09-2022,South
62,17-12-2024,East
63,09-10-2024,North
64,14-07-2023,North
65,05-12-2023,East
66,03-06-2022,West
67,28-12-2024,East
68,06-08-2022,South
69,06-06-2023,South
70,01-02-2024,East
71,31-05-2023,West
72,14-06-2024,West
73,14-08-2024,East
74,01-02-2023,West
75,28-04-2024,South
76,05-04-2024,North
77,31-01-2024,West
78,09-01-2024,North
79,06-04-2022,West
80,22-05-2024,South
81,30-12-2023,South
82,17-03-2022,North
83,24-05-2022,North
84,09-06-2024,North
85,01-12-2024,South
86,20-10-2023,East
87,05-03-2024,South
88,05-12-2022,West
89,05-08-2022,North
90,21-03-2023,West
91,08-02-2022,South
92,01-04-2023,North
93,14-12-2022,South
94,14-05-2022,South
95,16-02-2022,North
96,28-08-2024,West
97,30-10-2023,North
98,24-06-2023,West
99,17-05-2023,East
100,06-04-2023,West
101,26-03-2023,South
102,12-10-2024,North
103,26-06-2022,East
104,15-04-2022,East
105,10-12-2023,East
106,23-09-2024,North
107,01-01-2022,East
108,03-02-2022,West
109,14-03-2023,South
110,24-08-2022,North
111,07-07-2024,East
112,13-04-2022,South
113,08-05-2024,East
114,10-09-2024,East
115,18-06-2024,South
116,10-09-2024,North
117,06-05-2022,East
118,18-06-2024,West
119,29-10-2023,North
120,13-11-2023,North
121,21-08-2022,West
122,04-03-2024,North
123,17-04-2022,East
124,20-12-2023,East
125,19-03-2022,West
126,07-07-2024,South
127,30-04-2023,West
128,22-03-2024,North
129,08-03-2022,North
130,15-09-2023,West
131,01-03-2023,North
132,24-10-2023,North
133,22-04-2024,South
134,27-06-2023,West
135,13-04-2023,West
136,19-05-2023,South
137,15-11-2024,East
138,25-12-2023,North
139,31-03-2022,South
140,24-04-2024,East
141,10-01-2022,North
142,17-11-2022,East
143,29-06-2024,West
144,14-11-2022,West
145,11-08-2023,East
146,22-05-2024,North
147,19-03-2022,South
148,23-10-2022,West
149,26-02-2023,North
150,03-10-2024,East
151,17-07-2022,South
152,04-11-2024,East
153,24-02-2023,North
154,08-08-2024,North
155,14-05-2024,South
156,15-01-2022,North
157,10-05-2022,East
158,10-03-2022,West
159,23-01-2022,East
160,19-09-2024,East
161,06-06-2024,North
162,10-10-2024,East
163,24-03-2024,North
164,21-07-2023,East
165,21-07-2022,West
166,01-09-2022,North
167,20-04-2023,South
168,11-12-2023,North
169,29-09-2024,South
170,20-11-2023,West
171,15-07-2023,East
172,24-12-2023,South
173,13-08-2023,East
174,24-04-2022,South
175,13-07-2024,East
176,11-06-2022,West
177,28-10-2024,North
178,24-11-2022,South
179,03-10-2024,West
180,24-03-2024,East
181,28-06-2024,East
182,31-05-2022,North
183,25-03-2024,North
184,31-01-2023,West
185,23-06-2024,South
186,16-08-2023,South
187,10-06-2023,North
188,09-05-2023,West
189,08-05-2022,North
190,06-11-2024,North
191,08-12-2022,North
192,25-09-2022,North
193,10-07-2024,North
194,29-03-2024,North
195,11-01-2022,West
196,08-04-2022,East
197,21-01-2024,West
198,27-04-2023,North
199,06-11-2024,North
200,11-05-2022,South
201,02-10-2022,North
202,12-01-2022,South
203,09-01-2023,West
204,04-05-2023,North
205,07-09-2024,South
206,17-05-2022,East
207,17-08-2023,East
208,07-09-2023,North
209,11-05-2022,North
210,12-05-2023,West
211,08-05-2023,South
212,18-02-2023,East
213,29-01-2022,South
214,12-01-2023,South
215,03-01-2022,North
216,20-10-2022,North
217,21-08-2024,West
218,11-12-2023,East
219,14-08-2022,North
220,03-06-2024,East
221,23-01-2024,South
222,20-11-2023,North
223,03-03-2022,North
224,20-02-2024,West
225,09-08-2024,East
226,19-06-2022,North
227,01-09-2024,South
228,30-08-2024,West
229,12-08-2022,South
230,04-08-2022,East
231,20-02-2024,East
232,26-02-2023,West
233,20-11-2024,East
234,12-08-2023,North
235,17-01-2022,West
236,12-04-2023,South
237,26-07-2023,East
238,01-01-2024,West
239,06-12-2023,South
240,05-12-2023,East
241,27-10-2024,North
242,04-08-2024,East
243,01-02-2023,North
244,02-06-2024,West
245,28-04-2024,South
246,25-03-2022,South
247,05-10-2024,North
248,19-12-2024,South
249,18-07-2022,East
250,11-06-2023,North
251,13-10-2024,West
252,07-08-2023,East
253,04-12-2022,South
254,18-02-2024,South
255,05-12-2024,West
256,15-12-2023,West
257,12-08-2023,West
258,20-05-2024,South
259,05-06-2024,West
260,09-01-2022,South
261,17-12-2023,West
262,08-09-2022,East
263,22-01-2022,South
264,04-09-2024,South
265,20-01-2024,West
266,03-11-2022,West
267,03-07-2023,West
268,25-01-2024,East
269,11-05-2024,North
270,02-01-2024,West
271,24-02-2023,South
272,20-07-2024,South
273,14-06-2023,West
274,10-04-2022,West
275,01-10-2024,North
276,10-05-2022,East
277,28-01-2022,South
278,05-04-2023,West
279,22-09-2023,South
280,29-08-2024,North
281,18-11-2023,North
282,12-09-2023,East
283,26-05-2023,North
284,30-04-2023,North
285,01-11-2024,South
286,06-05-2022,South
287,10-05-2023,East
288,04-11-2022,West
289,09-05-2022,East
290,07-11-2022,East
291,11-08-2023,East
292,21-10-2024,East
293,06-10-2024,West
294,08-08-2023,North
295,19-01-2022,South
296,30-04-2024,North
297,26-12-2023,East
298,07-04-2024,North
299,18-10-2022,West
300,21-04-2024,South
301,26-03-2024,South
302,31-10-2022,North
303,03-03-2023,North
304,03-02-2023,North
305,15-04-2023,East
306,09-05-2023,East
307,02-01-2022,North
308,28-11-2024,North
309,05-02-2022,West
310,05-06-2024,South
311,15-11-2024,North
312,13-11-2023,West
313,19-02-2022,West
314,06-05-2024,South
315,04-08-2023,East
316,23-09-2023,North
317,14-09-2024,East
318,17-03-2023,South
319,29-09-2023,East
320,01-12-2023,South
321,13-09-2023,South
322,14-03-2022,West
323,15-07-2023,West
324,29-05-2022,West
325,16-01-2023,South
326,06-09-2023,North
327,29-03-2023,North
328,01-11-2023,North
329,25-08-2022,East
330,30-12-2022,North
331,04-09-2024,West
332,08-01-2024,North
333,27-12-2022,North
334,14-04-2024,West
335,10-02-2023,East
336,15-07-2023,South
337,27-10-2024,West
338,19-07-2024,South
339,03-03-2024,North
340,12-04-2024,South
341,20-06-2024,North
342,21-06-2023,East
343,25-01-2023,West
344,17-02-2024,North
345,09-09-2024,East
346,09-07-2022,South
347,01-09-2023,West
348,30-03-2024,North
349,22-12-2024,North
350,08-09-2024,South
351,21-01-2023,South
352,12-10-2023,East
353,01-08-2022,South
354,03-11-2023,West
355,04-12-2023,North
356,30-06-2023,West
357,01-02-2023,North
358,09-05-2022,South
359,16-12-2023,East
360,20-03-2022,North
361,28-07-2024,North
362,28-03-2022,East
363,06-11-2024,North
364,01-01-2023,West
365,18-03-2023,North
366,18-09-2024,West
367,19-08-2024,East
368,18-06-2022,North
369,29-05-2022,West
370,09-06-2022,East
371,03-05-2023,East
372,17-11-2023,North
373,08-02-2022,North
374,23-10-2023,South
375,24-08-2022,West
376,09-05-2024,North
377,12-03-2023,East
378,05-10-2022,East
379,19-01-2022,East
380,09-05-2022,West
381,23-05-2024,South
382,11-07-2024,South
383,22-08-2022,South
384,03-11-2024,North
385,11-10-2024,South
386,09-11-2024,South
387,01-04-2024,West
388,07-07-2022,North
389,10-06-2023,East
390,15-05-2023,West
391,08-06-2022,West
392,26-06-2023,South
393,19-01-2022,West
394,10-04-2024,West
395,10-06-2022,North
396,03-02-2023,South
397,15-05-2023,North
398,11-09-2022,South
399,01-07-2023,South
400,18-02-2022,North
401,30-09-2023,East
402,04-09-2023,South
403,07-07-2022,North
404,14-07-2024,West
405,27-09-2022,West
406,20-04-2024,North
407,24-05-2024,North
408,29-12-2024,East
409,07-05-2023,West
410,10-09-2024,North
411,21-03-2023,North
412,05-05-2023,North
413,27-07-2023,South
414,13-06-2023,South
415,02-05-2024,North
416,21-04-2024,South
417,25-07-2023,South
418,26-01-2023,North
419,11-01-2023,West
420,27-09-2024,West
421,03-12-2024,North
422,24-08-2023,East
423,19-05-2023,West
424,13-06-2022,North
425,26-08-2022,West
426,22-01-2023,North
427,08-08-2022,North
428,19-11-2023,East
429,28-06-2023,North
430,09-10-2024,North
431,04-09-2022,West
432,18-07-2024,South
433,22-09-2022,West
434,31-07-2024,West
435,21-04-2023,South
436,09-07-2022,North
437,31-07-2024,South
438,30-09-2022,North
439,25-12-2024,East
440,30-03-2023,North
441,02-10-2023,East
442,23-05-2022,East
443,05-04-2023,North
444,08-10-2023,East
445,22-05-2022,West
446,19-08-2023,North
447,06-09-2023,East
448,17-06-2024,South
449,22-12-2024,North
450,02-02-2023,West
451,13-10-2022,North
452,31-03-2024,East
453,29-05-2023,North
454,21-12-2024,North
455,09-10-2024,North
456,29-12-2023,West
457,28-11-2022,South
458,10-02-2023,West
459,12-05-2022,East
460,03-05-2024,West
461,02-08-2022,North
462,31-12-2023,East
463,03-04-2022,North
464,19-01-2024,West
465,18-02-2022,South
466,14-05-2024,South
467,17-01-2023,North
468,05-05-2024,North
469,01-02-2023,West
470,01-04-2023,North
471,04-06-2023,North
472,16-09-2024,North
473,16-02-2023,West
474,17-10-2023,North
475,21-07-2022,South
476,10-02-2024,West
477,23-10-2022,South
478,12-09-2024,North
479,04-10-2022,South
480,14-03-2022,North
481,26-04-2024,North
482,10-11-2023,South
483,12-04-2024,North
484,03-10-2024,East
485,18-07-2024,West
486,16-04-2024,South
487,11-07-2023,West
488,19-09-2022,East
489,19-06-2022,West
490,25-02-2024,West
491,07-03-2023,South
492,09-03-2022,North
493,31-12-2022,South
494,01-02-2024,North
495,15-04-2024,East
496,15-05-2024,East
497,14-04-2022,South
498,25-09-2024,North
499,05-03-2022,East
500,03-09-2022,North
501,09-11-2024,North
502,12-09-2023,West
503,11-02-2023,East
504,27-08-2023,East
505,26-05-2023,North
506,30-05-2024,North
507,31-07-2024,South
508,14-11-2023,East
509,27-11-2023,South
510,04-03-2024,North
511,24-12-2024,West
512,21-05-2022,West
513,14-09-2022,West
514,12-03-2024,South
515,28-06-2024,West
516,25-12-2024,West
517,18-11-2022,South
518,22-10-2022,East
519,16-11-2024,South
520,13-03-2023,North
521,27-12-2023,East
522,30-10-2024,West
523,03-11-2024,South
524,19-11-2024,East
525,29-04-2024,West
526,21-10-2022,North
527,25-01-2023,North
528,17-05-2022,East
529,29-03-2024,North
530,22-11-2023,North
531,24-09-2023,East
532,17-07-2024,West
533,17-06-2023,West
534,20-05-2024,West
535,10-06-2024,East
536,31-01-2022,South
537,13-09-2023,East
538,01-10-2022,East
539,24-12-2024,West
540,19-07-2023,West
541,17-05-2024,South
542,17-01-2022,West
543,10-01-2024,South
544,10-04-2023,West
545,27-10-2023,North
546,12-01-2022,West
547,15-09-2023,East
548,04-12-2024,South
549,06-06-2022,South
550,28-01-2023,East
551,24-06-2023,South
552,28-12-2022,North
553,24-09-2022,North
554,06-05-2023,North
555,13-07-2023,East
556,05-01-2022,West
557,03-08-2024,South
558,21-08-2023,South
559,04-06-2023,West
560,12-05-2024,West
561,14-07-2023,West
562,08-11-2024,East
563,12-09-2023,East
564,27-04-2024,South
565,08-01-2022,South
566,24-01-2024,South
567,20-06-2022,North
568,01-08-2024,East
569,10-01-2022,West
570,09-05-2022,West
571,19-12-2023,North
572,20-11-2022,North
573,11-11-2022,East
574,03-01-2024,West
575,11-08-2023,South
576,23-11-2022,South
577,01-03-2024,South
578,07-07-2023,West
579,20-04-2023,West
580,09-02-2022,East
581,17-10-2022,North
582,04-08-2023,East
583,01-12-2023,South
584,31-07-2022,East
585,24-02-2023,East
586,18-05-2024,North
587,19-05-2023,South
588,29-09-2022,East
589,03-09-2024,East
590,12-03-2023,East
591,17-07-2023,West
592,14-04-2022,East
593,16-06-2022,North
594,14-03-2022,North
595,15-07-2023,West
596,13-05-2024,West
597,03-05-2023,South
598,29-12-2023,East
599,05-12-2022,North
600,26-09-2024,North
601,28-03-2023,West
602,19-04-2024,East
603,11-10-2024,East
604,23-04-2022,West
605,01-06-2023,North
606,19-02-2022,West
607,13-07-2023,East
608,03-08-2022,South
609,30-01-2024,West
610,23-07-2023,West
611,12-11-2023,North
612,15-10-2024,East
613,09-08-2023,South
614,18-08-2022,West
615,19-08-2023,East
616,14-03-2022,North
617,15-09-2022,North
618,23-09-2022,North
619,17-05-2024,South
620,27-10-2024,North
621,15-02-2022,South
622,23-02-2022,South
623,14-01-2023,North
624,12-01-2023,North
625,08-02-2022,North
626,06-12-2024,West
627,12-03-2024,West
628,01-10-2023,East
629,12-04-2024,East
630,22-12-2023,North
631,06-03-2024,North
632,02-05-2024,South
633,02-04-2022,South
634,11-02-2024,South
635,02-04-2024,East
636,27-11-2024,North
637,30-08-2022,East
638,15-07-2022,West
639,21-02-2022,West
640,14-09-2023,South
641,08-04-2024,North
642,24-10-2023,North
643,16-04-2023,West
644,15-10-2023,West
645,20-08-2023,South
646,24-10-2023,South
647,26-07-2024,East
648,31-10-2024,South
649,28-04-2022,East
650,15-08-2024,North
651,28-09-2024,North
652,18-07-2024,North
653,22-10-2022,West
654,01-11-2022,East
655,13-06-2023,East
656,20-02-2023,South
657,20-05-2023,South
658,19-12-2023,North
659,17-06-2024,East
660,14-07-2023,South
661,04-07-2022,West
662,23-03-2022,South
663,19-11-2022,East
664,28-02-2022,East
665,11-09-2023,West
666,13-11-2022,West
667,17-03-2024,West
668,13-02-2022,North
669,13-07-2024,South
670,07-05-2024,West
671,24-09-2022,South
672,12-08-2024,South
673,06-01-2023,South
674,03-03-2022,South
675,02-03-2022,North
676,25-09-2024,North
677,06-12-2022,West
678,18-06-2023,South
679,21-11-2023,West
680,31-03-2023,West
681,11-06-2024,West
682,25-04-2023,North
683,17-12-2022,East
684,05-07-2024,East
685,07-04-2023,West
686,26-07-2022,West
687,18-05-2022,East
688,15-03-2022,North
689,13-10-2023,South
690,19-06-2024,East
691,03-11-2024,East
692,16-04-2023,East
693,27-09-2024,South
694,12-07-2022,East
695,06-03-2023,South
696,10-01-2023,East
697,05-10-2023,West
698,25-05-2024,West
699,12-09-2024,South
700,30-07-2024,South
701,29-03-2022,West
702,10-04-2023,East
703,01-01-2023,West
704,20-03-2024,South
705,02-02-2024,West
706,18-07-2023,East
707,25-02-2022,East
708,19-12-2024,South
709,05-02-2022,North
710,29-02-2024,South
711,26-08-2022,West
712,17-09-2024,South
713,14-08-2022,North
714,29-08-2024,West
715,21-11-2024,North
716,20-07-2022,East
717,15-08-2022,West
718,09-04-2024,West
719,07-07-2022,South
720,01-05-2023,East
721,28-01-2024,South
722,04-07-2022,South
723,06-04-2024,East
724,01-02-2024,West
725,01-10-2023,South
726,03-12-2022,South
727,17-12-2024,West
728,30-11-2023,North
729,05-06-2024,South
730,13-01-2022,West
731,29-08-2023,North
732,23-05-2022,North
733,14-07-2024,North
734,21-10-2024,West
735,31-08-2024,North
736,17-04-2022,West
737,12-05-2024,North
738,25-01-2023,South
739,01-04-2024,West
740,05-05-2024,North
741,20-05-2024,West
742,20-10-2022,East
743,27-02-2022,North
744,01-12-2023,South
745,29-07-2022,West
746,17-04-2023,West
747,30-06-2024,West
748,12-03-2024,East
749,04-07-2024,West
750,09-04-2023,North
751,10-03-2023,West
752,03-01-2023,North
753,29-05-2022,North
754,22-03-2023,North
755,07-09-2022,South
756,08-06-2024,North
757,16-04-2023,West
758,11-07-2022,East
759,05-10-2024,West
760,19-03-2023,North
761,26-12-2022,West
762,17-08-2024,North
763,05-11-2023,East
764,06-07-2023,North
765,25-11-2023,South
766,08-01-2022,South
767,15-06-2022,North
768,13-03-2022,North
769,06-11-2023,West
770,11-02-2023,North
771,11-12-2023,East
772,13-01-2022,East
773,30-09-2024,East
774,16-01-2023,North
775,05-04-2024,West
776,02-01-2024,West
777,02-03-2024,East
778,25-05-2024,East
779,20-10-2023,South
780,20-06-2022,South
781,09-05-2023,West
782,31-08-2023,North
783,23-03-2023,East
784,28-04-2024,North
785,30-03-2023,East
786,18-02-2024,North
787,13-08-2022,South
788,05-05-2022,East
789,03-01-2023,East
790,14-11-2024,South
791,09-04-2022,East
792,12-06-2024,West
793,15-10-2024,East
794,18-10-2023,South
795,06-04-2024,East
796,29-07-2023,West
797,04-06-2023,North
798,17-03-2022,North
799,07-03-2024,East
800,05-03-2022,North
801,17-04-2024,East
802,22-08-2024,South
803,09-04-2024,South
804,20-07-2024,North
805,17-03-2023,West
806,04-07-2024,East
807,12-08-2023,South
808,23-04-2023,East
809,15-10-2022,South
810,24-05-2022,West
811,09-05-2022,East
812,02-11-2022,West
813,10-09-2023,East
814,28-03-2024,East
815,01-07-2022,South
816,17-02-2024,West
817,08-07-2023,East
818,29-12-2022,East
819,11-08-2023,South
820,01-08-2023,North
821,23-07-2023,South
822,05-07-2024,South
823,28-11-2022,South
824,11-11-2024,South
825,29-07-2024,West
826,25-04-2023,North
827,11-12-2023,West
828,12-11-2023,South
829,04-05-2024,West
830,09-07-2022,East
831,22-11-2022,East
832,13-03-2022,East
833,20-07-2023,West
834,09-05-2022,North
835,04-08-2024,North
836,31-07-2022,North
837,13-09-2024,North
838,26-05-2024,South
839,15-11-2024,East
840,11-03-2023,West
841,20-06-2024,South
842,11-01-2023,East
843,15-02-2022,North
844,26-04-2022,South
845,07-06-2023,West
846,17-01-2024,East
847,14-05-2024,West
848,15-05-2023,North
849,22-05-2023,East
850,05-08-2022,South
851,12-10-2023,North
852,04-11-2023,North
853,17-05-2023,South
854,02-04-2023,North
855,26-01-2024,East
856,13-07-2023,East
857,28-11-2024,North
858,10-08-2022,West
859,14-09-2022,East
860,05-08-2023,West
861,30-08-2023,South
862,11-05-2024,East
863,17-01-2024,South
864,16-09-2022,East
865,13-01-2023,East
866,22-01-2022,South
867,24-05-2022,East
868,05-03-2023,South
869,25-04-2023,East
870,13-07-2024,East
871,01-09-2024,East
872,26-12-2024,West
873,20-08-2023,East
874,09-01-2022,West
875,14-08-2022,North
876,01-01-2022,South
877,25-07-2024,West
878,22-08-2024,East
879,28-06-2022,West
880,26-04-2023,West
881,29-08-2023,North
882,02-01-2023,South
883,11-08-2023,East
884,22-06-2023,South
885,27-07-2024,East
886,30-11-2023,North
887,26-11-2024,South
888,15-08-2023,South
889,23-02-2023,West
890,26-03-2022,North
891,27-07-2024,East
892,23-03-2024,West
893,09-12-2024,West
894,17-06-2023,South
895,21-09-2023,West
896,14-05-2022,East
897,13-04-2024,West
898,11-06-2024,West
899,23-05-2023,South
900,24-12-2023,North
901,26-04-2023,South
902,21-01-2022,South
903,14-10-2022,South
904,23-08-2023,West
905,13-09-2023,North
906,28-12-2024,East
907,09-06-2023,West
908,10-07-2022,South
909,11-01-2023,North
910,26-07-2023,East
911,05-01-2024,North
912,08-05-2023,South
913,29-11-2023,East
914,05-09-2024,South
915,08-08-2024,East
916,12-04-2023,North
917,18-08-2023,South
918,02-06-2023,West
919,17-11-2023,West
920,17-06-2024,East
921,06-04-2024,West
922,18-12-2024,East
923,09-12-2023,East
924,10-10-2022,North
925,22-04-2024,South
926,14-06-2022,North
927,03-09-2023,West
928,19-12-2023,South
929,22-01-2023,South
930,23-01-2024,North
931,07-06-2024,North
932,04-02-2024,North
933,31-08-2024,North
934,11-11-2024,East
935,27-07-2024,North
936,11-05-2024,South
937,24-03-2023,West
938,22-09-2022,East
939,05-11-2023,East
940,13-06-2024,North
941,28-02-2022,West
942,14-11-2022,West
943,17-09-2023,North
944,17-08-2022,East
945,14-05-2023,South
946,12-03-2022,West
947,12-07-2022,West
948,05-07-2024,South
949,16-06-2023,West
950,20-06-2023,West
951,08-08-2024,West
952,01-03-2023,South
953,02-05-2022,North
954,23-07-2023,West
955,30-03-2024,North
956,07-08-2022,North
957,06-03-2022,West
958,24-11-2023,East
959,31-08-2023,East
960,14-10-2023,South
961,16-05-2023,South
962,19-06-2023,South
963,21-07-2023,West
964,20-03-2022,East
965,06-08-2023,East
966,21-10-2024,North
967,14-08-2022,South
968,15-03-2022,East
969,01-02-2022,East
970,24-04-2022,East
971,23-03-2023,South
972,10-02-2022,North
973,19-10-2023,West
974,10-09-2024,North
975,17-06-2022,South
976,09-08-2023,North
977,11-07-2023,South
978,05-01-2024,West
979,22-09-2022,North
980,22-06-2023,North
981,26-03-2023,North
982,11-08-2023,North
983,17-05-2024,North
984,30-06-2024,West
985,09-04-2023,West
986,28-05-2022,West
987,18-07-2022,North
988,20-08-2024,West
989,31-12-2023,West
990,09-10-2022,North
991,01-03-2024,North
992,19-03-2022,West
993,05-10-2022,South
994,25-04-2023,West
995,11-09-2023,North
996,13-01-2023,North
997,03-04-2022,South
998,26-02-2023,West
999,03-11-2024,South
1000,26-09-2023,North
1001,19-02-2024,East
1002,29-04-2024,North
1003,15-05-2024,South
1004,22-10-2024,West
1005,31-07-2022,West
1006,10-09-2022,South
1007,24-08-2022,South
1008,23-06-2024,North
1009,13-01-2023,South
1010,23-09-2022,West
1011,08-02-2022,West
1012,18-12-2022,West
1013,25-01-2022,East
1014,09-12-2022,North
1015,14-06-2023,East
1016,31-05-2024,North
1017,07-08-2023,North
1018,13-07-2022,South
1019,01-12-2024,East
1020,12-04-2024,West
1021,26-02-2022,West
1022,31-03-2022,West
1023,17-08-2023,North
1024,23-09-2024,East
1025,11-09-2022,West
1026,01-01-2023,South
1027,12-07-2024,West
1028,11-01-2022,West
1029,05-10-2024,East
1030,16-09-2024,North
1031,23-05-2024,North
1032,08-06-2023,North
1033,16-07-2022,South
1034,24-07-2023,South
1035,12-03-2022,West
1036,12-01-2023,East
1037,03-11-2022,South
1038,14-03-2024,North
1039,27-07-2023,North
1040,14-08-2022,North
1041,17-11-2024,South
1042,13-05-2024,South
1043,21-10-2022,East
1044,15-04-2024,East
1045,17-01-2023,East
1046,28-11-2023,East
1047,03-05-2024,South
1048,11-08-2023,East
1049,26-07-2022,East
1050,07-02-2023,South
1051,19-01-2022,North
1052,30-06-2023,South
1053,19-08-2022,North
1054,27-08-2023,North
1055,10-03-2022,South
1056,12-10-2024,North
1057,15-06-2024,East
1058,09-09-2024,West
1059,24-09-2023,North
1060,25-08-2022,East
1061,01-10-2023,North
1062,08-01-2023,North
1063,02-10-2022,East
1064,11-02-2022,East
1065,15-09-2022,East
1066,28-01-2024,East
1067,23-07-2022,West
1068,14-01-2022,North
1069,13-06-2023,South
1070,09-09-2022,North
1071,26-12-2023,North
1072,16-11-2024,West
1073,01-04-2024,East
1074,27-11-2024,East
1075,01-07-2023,South
1076,13-02-2023,West
1077,09-11-2023,East
1078,20-05-2022,South
1079,26-06-2024,East
1080,02-05-2022,North
1081,18-05-2023,East
1082,14-02-2022,South
1083,22-11-2022,South
1084,15-03-2022,East
1085,23-08-2023,North
1086,18-12-2023,East
1087,16-09-2022,West
1088,15-12-2024,West
1089,25-04-2024,North
1090,09-02-2024,North
1091,19-04-2023,South
1092,31-01-2023,West
1093,24-11-2023,North
1094,02-10-2023,North
1095,18-04-2024,North
1096,27-06-2023,East
1097,20-02-2023,West
1098,12-12-2023,East
1099,04-10-2023,West
1100,18-02-2022,West
1101,08-01-2023,North
1102,01-04-2024,South
1103,12-11-2023,West
1104,22-10-2023,West
1105,29-03-2023,East
1106,17-12-2022,East
1107,28-11-2024,West
1108,07-04-2022,South
1109,05-12-2024,South
1110,03-09-2023,East
1111,19-08-2023,East
1112,17-08-2024,South
1113,18-08-2022,North
1114,26-03-2022,North
1115,02-10-2024,South
1116,28-09-2022,East
1117,12-05-2024,North
1118,14-03-2023,East
1119,21-09-2023,East
1120,02-05-2024,West
1121,31-01-2022,South
1122,04-06-2024,North
1123,16-02-2023,West
1124,26-05-2023,East
1125,28-12-2023,North
1126,10-10-2022,South
1127,21-04-2024,South
1128,29-09-2023,South
1129,22-10-2024,West
1130,31-07-2023,North
1131,15-04-2022,East
1132,24-04-2024,North
1133,16-01-2022,East
1134,06-12-2023,East
1135,04-09-2024,South
1136,24-08-2024,East
1137,10-06-2022,North
1138,03-10-2022,South
1139,25-02-2022,East
1140,18-08-2023,North
1141,23-12-2022,North
1142,30-06-2022,South
1143,10-11-2024,West
1144,24-02-2024,West
1145,11-04-2022,South
1146,10-05-2023,East
1147,20-05-2022,North
1148,21-05-2023,South
1149,17-07-2024,West
1150,18-11-2024,North
1151,06-06-2022,East
1152,21-12-2023,East
1153,16-11-2022,South
1154,24-07-2023,West
1155,05-06-2024,South
1156,24-08-2022,North
1157,22-08-2022,West
1158,18-11-2024,East
1159,21-01-2023,South
1160,07-11-2022,East
1161,31-01-2022,West
1162,07-02-2024,West
1163,04-06-2024,East
1164,21-03-2024,West
1165,26-03-2023,East
1166,10-04-2022,West
1167,10-06-2024,South
1168,08-10-2022,East
1169,06-07-2023,West
1170,18-06-2022,North
1171,08-06-2023,West
1172,13-05-2022,South
1173,08-03-2024,South
1174,08-10-2023,South
1175,31-12-2024,West
1176,11-03-2022,South
1177,01-08-2024,East
1178,21-08-2022,South
1179,11-12-2024,South
1180,13-03-2024,South
1181,05-12-2023,North
1182,13-05-2022,East
1183,29-01-2022,South
1184,22-12-2022,East
1185,07-04-2024,East
1186,05-03-2022,East
1187,21-05-2023,South
1188,16-03-2024,East
1189,14-01-2023,South
1190,11-11-2023,South
1191,19-08-2024,West
1192,24-09-2022,North
1193,04-11-2023,East
1194,09-09-2023,East
1195,17-12-2024,North
1196,07-02-2022,West
1197,07-01-2024,North
1198,09-07-2024,North
1199,28-11-2023,East
1200,10-03-2022,West
1201,31-07-2022,West
1202,05-07-2023,North
1203,21-11-2023,North
1204,18-06-2022,South
1205,29-03-2023,West
1206,27-01-2024,South
1207,29-09-2024,North
1208,12-08-2023,South
1209,17-01-2022,East
1210,09-07-2024,West
1211,21-03-2023,North
1212,08-06-2023,East
1213,19-03-2024,South
1214,13-03-2023,North
1215,08-02-2024,North
1216,15-11-2024,North
1217,17-09-2024,North
1218,11-05-2023,West
1219,26-11-2024,South
1220,27-03-2022,East
1221,10-04-2022,South
1222,27-07-2024,North
1223,23-01-2023,South
1224,22-04-2024,West
1225,15-03-2023,South
1226,25-05-2024,West
1227,16-03-2022,East
1228,07-01-2023,West
1229,25-04-2024,West
1230,23-10-2023,South
1231,27-05-2023,North
1232,31-01-2023,West
1233,09-10-2023,South
1234,29-04-2024,West
1235,06-12-2024,East
1236,10-07-2023,West
1237,16-01-2024,East
1238,10-09-2023,South
1239,13-10-2022,West
1240,24-07-2024,West
1241,22-02-2022,South
1242,30-10-2023,North
1243,14-04-2024,East
1244,07-02-2023,South
1245,22-06-2022,South
1246,29-04-2022,East
1247,11-10-2022,North
1248,15-04-2022,South
1249,14-01-2023,South
1250,24-08-2022,East
1251,26-10-2024,West
1252,15-05-2023,North
1253,25-10-2022,South
1254,13-03-2023,South
1255,30-07-2024,West
1256,06-11-2023,North
1257,14-12-2022,West
1258,03-01-2024,North
1259,17-02-2024,South
1260,04-04-2024,East
1261,25-06-2024,West
1262,31-10-2024,South
1263,25-09-2024,West
1264,08-03-2024,West
1265,04-05-2024,West
1266,11-07-2022,East
1267,19-08-2022,South
1268,01-10-2024,North
1269,19-10-2023,South
1270,23-12-2022,North
1271,11-10-2024,North
1272,09-04-2022,East
1273,03-03-2022,North
1274,27-01-2023,North
1275,22-01-2024,West
1276,20-01-2022,West
1277,15-06-2022,South
1278,18-05-2023,North
1279,06-02-2023,East
1280,01-07-2022,North
1281,26-01-2024,South
1282,05-08-2023,East
1283,09-08-2022,West
1284,08-02-2022,North
1285,13-12-2024,West
1286,10-10-2024,South
1287,15-10-2024,South
1288,25-05-2024,South
1289,14-02-2022,West
1290,04-05-2023,South
1291,21-05-2024,South
1292,14-05-2023,West
1293,02-07-2024,West
1294,18-04-2024,South
1295,20-10-2022,West
1296,22-08-2022,North
1297,11-01-2022,North
1298,18-08-2023,South
1299,15-09-2024,West
1300,15-07-2022,East
1301,28-07-2024,West
1302,16-12-2023,West
1303,24-05-2024,East
1304,14-06-2022,North
1305,14-06-2023,South
1306,11-12-2024,East
1307,05-02-2023,East
1308,21-08-2023,North
1309,18-12-2023,South
1310,13-04-2023,North
1311,24-09-2023,West
1312,19-12-2022,South
1313,21-05-2022,North
1314,21-09-2024,West
1315,24-03-2023,East
1316,29-12-2022,West
1317,05-06-2024,East
1318,17-11-2022,South
1319,07-05-2024,West
1320,23-08-2024,South
1321,17-12-2023,South
1322,10-11-2022,West
1323,01-12-2023,South
1324,15-12-2024,East
1325,12-03-2022,East
1326,25-03-2022,South
1327,24-12-2024,South
1328,16-04-2023,North
1329,14-05-2024,West
1330,07-11-2022,North
1331,26-02-2023,South
1332,28-04-2024,South
1333,27-07-2024,East
1334,26-09-2023,South
1335,24-08-2024,West
1336,08-08-2023,West
1337,11-07-2023,West
1338,23-05-2024,East
1339,30-09-2023,East
1340,02-05-2023,East
1341,31-12-2023,South
1342,01-12-2023,South
1343,04-02-2024,East
1344,24-06-2023,East
1345,20-08-2023,North
1346,30-12-2024,West
1347,29-10-2024,West
1348,20-09-2024,North
1349,17-11-2024,West
1350,01-10-2023,South
1351,24-12-2024,East
1352,20-04-2022,West
1353,24-12-2024,North
1354,24-06-2023,East
1355,18-09-2024,East
1356,18-12-2023,East
1357,09-11-2024,West
1358,03-03-2024,East
1359,11-05-2024,South
1360,30-06-2024,West
1361,22-02-2022,West
1362,21-09-2023,East
1363,27-06-2022,South
1364,29-01-2024,West
1365,25-05-2022,East
1366,28-10-2023,West
1367,12-11-2023,West
1368,12-11-2023,North
1369,24-10-2022,West
1370,13-01-2023,West
1371,17-01-2023,South
1372,20-01-2022,East
1373,05-07-2022,West
1374,11-08-2022,East
1375,14-05-2023,North
1376,16-12-2023,West
1377,06-12-2024,South
1378,13-10-2023,North
1379,26-03-2024,West
1380,05-04-2024,East
1381,24-06-2023,North
1382,22-05-2022,North
1383,15-10-2023,South
1384,23-10-2024,North
1385,29-09-2024,North
1386,29-04-2024,East
1387,16-01-2024,South
1388,06-06-2022,East
1389,25-12-2024,South
1390,04-04-2024,East
1391,29-09-2022,South
1392,06-11-2022,South
1393,02-08-2023,South
1394,05-03-2024,East
1395,15-12-2022,East
1396,25-11-2022,South
1397,06-10-2022,East
1398,11-12-2024,North
1399,13-09-2023,East
1400,28-05-2022,South
1401,17-08-2022,East
1402,31-10-2024,West
1403,20-11-2023,South
1404,16-04-2024,North
1405,22-09-2023,South
1406,07-05-2024,East
1407,15-03-2022,East
1408,28-06-2024,East
1409,06-01-2024,North
1410,20-12-2023,North
1411,11-01-2022,East
1412,11-12-2024,West
1413,13-01-2024,North
1414,28-07-2024,East
1415,15-04-2022,South
1416,23-09-2023,East
1417,15-04-2024,East
1418,23-03-2023,North
1419,04-11-2023,West
1420,24-05-2024,South
1421,27-03-2022,South
1422,11-05-2022,East
1423,13-02-2024,South
1424,16-02-2023,East
1425,13-08-2023,East
1426,15-05-2024,South
1427,09-05-2024,South
1428,02-05-2022,East
1429,13-07-2024,North
1430,19-11-2022,East
1431,04-03-2024,West
1432,20-05-2024,East
1433,28-09-2022,West
1434,25-12-2022,South
1435,30-07-2022,East
1436,23-10-2022,South
1437,04-04-2024,North
1438,02-11-2024,East
1439,05-12-2024,West
1440,27-06-2023,West
1441,18-03-2023,North
1442,18-09-2023,West
1443,16-08-2024,East
1444,17-01-2024,South
1445,17-06-2023,North
1446,24-07-2022,South
1447,31-05-2024,West
1448,14-08-2022,West
1449,01-03-2022,North
1450,25-01-2022,South
1451,23-07-2023,North
1452,10-03-2022,West
1453,05-05-2023,South
1454,10-03-2023,South
1455,23-04-2024,West
1456,21-08-2024,North
1457,21-02-2023,West
1458,09-01-2023,West
1459,24-08-2023,West
1460,12-01-2022,South
1461,09-10-2023,West
1462,22-04-2022,West
1463,14-07-2024,East
1464,25-04-2022,East
1465,10-07-2024,North
1466,24-10-2023,East
1467,17-05-2024,East
1468,06-04-2023,East
1469,03-12-2022,East
1470,07-01-2022,North
1471,27-07-2023,East
1472,05-02-2024,West
1473,03-05-2022,South
1474,30-08-2023,West
1475,22-09-2024,East
1476,19-10-2023,East
1477,14-09-2022,North
1478,26-12-2024,North
1479,28-01-2022,North
1480,09-08-2023,East
1481,18-10-2022,West
1482,12-10-2022,North
1483,23-01-2023,North
1484,02-05-2024,North
1485,01-08-2022,South
1486,25-06-2023,East
1487,29-02-2024,South
1488,24-05-2022,North
1489,07-03-2024,North
1490,18-12-2023,West
1491,12-08-2023,East
1492,18-09-2024,North
1493,08-03-2022,North
1494,25-10-2023,South
1495,22-08-2024,North
1496,17-07-2024,North
1497,11-02-2024,East
1498,12-06-2023,North
1499,09-03-2024,West
1500,16-04-2022,East
1501,26-04-2023,South
1502,01-10-2023,North
1503,21-02-2023,West
1504,20-03-2024,North
1505,02-10-2022,South
1506,13-06-2023,West
1507,22-01-2023,East
1508,21-09-2022,North
1509,04-01-2022,South
1510,06-08-2023,North
1511,08-11-2024,West
1512,11-07-2022,West
1513,23-10-2023,South
1514,28-07-2024,North
1515,23-07-2022,South
1516,20-11-2023,South
1517,21-05-2023,North
1518,15-09-2023,South
1519,10-05-2023,South
1520,11-12-2022,West
1521,11-08-2023,North
1522,18-06-2022,East
1523,28-01-2023,North
1524,06-11-2024,West
1525,25-08-2022,North
1526,07-07-2023,South
1527,04-06-2024,West
1528,27-01-2024,East
1529,17-09-2022,North
1530,10-03-2022,North
1531,01-08-2022,South
1532,01-10-2024,East
1533,19-02-2023,North
1534,02-08-2023,East
1535,26-06-2023,East
1536,26-11-2022,West
1537,23-05-2022,North
1538,26-04-2023,West
1539,21-02-2024,West
1540,18-06-2024,South
1541,18-05-2023,West
1542,19-01-2022,North
1543,07-12-2024,East
1544,16-06-2024,West
1545,24-06-2023,West
1546,28-06-2022,West
1547,20-03-2024,North
1548,21-04-2023,South
1549,29-12-2024,South
1550,12-12-2023,North
1551,30-10-2022,East
1552,01-02-2024,East
1553,06-11-2023,North
1554,08-10-2022,West
1555,17-06-2023,North
1556,09-01-2024,West
1557,24-01-2022,North
1558,04-06-2022,East
1559,13-08-2022,North
1560,23-07-2024,North
1561,23-05-2024,South
1562,13-11-2022,West
1563,19-08-2023,South
1564,01-01-2022,East
1565,16-06-2024,West
1566,16-09-2024,South
1567,08-11-2023,South
1568,06-05-2023,East
1569,02-01-2024,West
1570,15-05-2022,South
1571,01-07-2024,South
1572,01-09-2022,South
1573,27-06-2023,North
1574,28-05-2024,North
1575,17-05-2023,East
1576,28-09-2024,North
1577,07-05-2022,West
1578,18-05-2023,East
1579,09-10-2023,North
1580,05-03-2023,East
1581,04-07-2024,East
1582,31-05-2024,East
1583,10-12-2023,East
1584,07-05-2022,North
1585,01-07-2024,North
1586,28-10-2023,East
1587,27-07-2022,South
1588,13-05-2022,East
1589,16-09-2022,East
1590,24-10-2022,South
1591,15-02-2023,West
1592,07-03-2024,East
1593,13-07-2022,South
1594,31-07-2022,North
1595,26-03-2024,West
1596,13-08-2023,West
1597,08-05-2022,East
1598,07-05-2023,North
1599,29-01-2022,North
1600,02-03-2022,North
1601,11-04-2023,East
1602,09-05-2023,East
1603,11-07-2024,West
1604,26-01-2022,East
1605,30-08-2023,East
1606,18-08-2023,North
1607,31-05-2023,South
1608,18-02-2022,West
1609,17-07-2024,South
1610,26-04-2024,South
1611,19-10-2022,North
1612,15-03-2022,West
1613,14-02-2023,East
1614,11-09-2022,East
1615,17-01-2024,West
1616,13-04-2024,South
1617,03-03-2023,South
1618,16-06-2022,North
1619,20-08-2023,East
1620,18-09-2024,South
1621,28-01-2023,West
1622,20-10-2024,South
1623,18-05-2022,West
1624,19-06-2024,South
1625,06-07-2022,East
1626,22-11-2023,West
1627,23-02-2024,East
1628,24-06-2022,South
1629,15-12-2022,East
1630,02-04-2024,East
1631,17-07-2023,East
1632,03-04-2024,West
1633,02-05-2022,West
1634,13-12-2023,West
1635,18-01-2022,North
1636,23-09-2022,West
1637,01-11-2024,North
1638,25-10-2022,North
1639,01-07-2023,East
1640,27-03-2022,East
1641,06-08-2023,North
1642,16-08-2023,South
1643,03-02-2023,North
1644,13-03-2024,West
1645,17-08-2024,South
1646,22-07-2023,South
1647,05-04-2023,West
1648,20-04-2024,West
1649,19-12-2022,South
1650,18-09-2023,East
1651,28-12-2024,North
1652,17-05-2022,South
1653,24-10-2023,South
1654,09-12-2022,South
1655,07-11-2022,North
1656,05-06-2023,South
1657,26-10-2023,West
1658,28-07-2023,South
1659,26-05-2023,West
1660,07-12-2022,North
1661,20-11-2024,West
1662,31-03-2024,South
1663,17-04-2024,East
1664,06-05-2024,North
1665,25-02-2023,North
1666,14-12-2022,North
1667,20-12-2023,South
1668,13-10-2023,East
1669,14-06-2023,North
1670,02-04-2022,South
1671,20-06-2024,West
1672,19-05-2024,West
1673,16-01-2023,South
1674,07-05-2023,South
1675,01-07-2023,East
1676,25-07-2024,East
1677,27-09-2023,South
1678,12-08-2023,West
1679,24-07-2024,West
1680,26-07-2022,South
1681,03-12-2024,South
1682,15-08-2023,South
1683,28-11-2023,South
1684,03-08-2022,North
1685,02-09-2022,South
1686,25-04-2022,South
1687,12-01-2022,West
1688,30-10-2022,North
1689,09-06-2023,East
1690,13-01-2023,West
1691,27-01-2024,North
1692,04-11-2023,East
1693,07-08-2024,West
1694,13-07-2024,North
1695,07-12-2022,East
1696,16-01-2023,North
1697,21-11-2022,North
1698,26-01-2022,South
1699,14-11-2024,East
1700,20-10-2022,North
1701,14-05-2024,West
1702,17-01-2024,West
1703,30-07-2024,East
1704,30-09-2024,West
1705,09-09-2023,North
1706,24-05-2024,East
1707,12-09-2022,North
1708,29-05-2023,South
1709,27-01-2024,South
1710,17-08-2023,East
1711,15-07-2023,North
1712,15-01-2022,East
1713,04-12-2024,East
1714,19-11-2024,South
1715,15-04-2022,West
1716,03-10-2023,South
1717,14-02-2023,East
1718,10-02-2024,East
1719,07-04-2024,South
1720,22-08-2022,South
1721,08-12-2023,East
1722,02-04-2023,North
1723,21-10-2024,West
1724,03-12-2024,South
1725,19-04-2023,West
1726,02-10-2022,East
1727,06-06-2023,East
1728,26-01-2022,South
1729,24-02-2022,West
1730,22-08-2023,West
1731,08-09-2024,East
1732,23-10-2022,North
1733,13-12-2023,West
1734,20-10-2024,South
1735,05-12-2023,East
1736,14-07-2023,North
1737,13-02-2022,North
1738,16-06-2024,East
1739,14-10-2024,West
1740,20-04-2024,East
1741,26-12-2023,East
1742,05-04-2023,West
1743,02-08-2023,North
1744,30-11-2022,West
1745,08-09-2024,West
1746,07-06-2024,West
1747,12-08-2023,North
1748,02-05-2023,East
1749,26-10-2024,North
1750,27-09-2022,West
1751,25-06-2023,East
1752,05-11-2022,East
1753,12-08-2022,West
1754,27-02-2022,North
1755,14-09-2023,West
1756,23-11-2024,West
1757,09-10-2024,East
1758,20-06-2023,South
1759,16-03-2024,South
1760,27-11-2023,East
1761,08-01-2023,West
1762,07-12-2023,West
1763,11-09-2022,North
1764,29-03-2022,West
1765,15-01-2024,South
1766,12-07-2023,East
1767,06-06-2022,East
1768,18-11-2023,South
1769,27-08-2022,South
1770,16-01-2022,West
1771,03-04-2024,West
1772,19-08-2022,West
1773,21-01-2022,East
1774,19-03-2022,South
1775,16-03-2023,South
1776,30-12-2023,North
1777,20-10-2022,North
1778,16-10-2023,South
1779,29-07-2023,South
1780,04-06-2023,West
1781,28-04-2023,South
1782,13-05-2022,East
1783,10-05-2024,East
1784,21-08-2023,North
1785,05-01-2024,East
1786,07-09-2024,North
1787,03-08-2023,North
1788,07-05-2023,West
1789,05-08-2022,West
1790,19-07-2024,North
1791,15-11-2022,West
1792,01-02-2023,West
1793,20-12-2023,South
1794,26-08-2024,East
1795,19-12-2023,North
1796,30-11-2023,South
1797,27-12-2024,West
1798,21-12-2024,East
1799,28-01-2024,East
1800,03-09-2022,North
1801,29-02-2024,South
1802,21-04-2023,West
1803,24-05-2024,South
1804,19-05-2024,East
1805,10-09-2024,West
1806,12-09-2023,East
1807,08-11-2023,East
1808,31-05-2022,East
1809,05-01-2023,East
1810,25-10-2024,West
1811,01-04-2024,South
1812,16-12-2024,East
1813,05-08-2023,West
1814,31-12-2022,North
1815,10-03-2023,North
1816,05-05-2024,South
1817,09-06-2022,North
1818,13-05-2022,West
1819,07-04-2022,East
1820,19-12-2024,South
1821,17-06-2024,West
1822,25-09-2024,North
1823,27-12-2024,North
1824,15-03-2024,South
1825,25-07-2022,West
1826,14-01-2023,East
1827,13-11-2024,West
1828,29-06-2024,East
1829,22-05-2024,South
1830,30-04-2022,East
1831,16-02-2022,West
1832,14-05-2022,East
1833,17-12-2022,East
1834,16-05-2023,South
1835,07-08-2024,North
1836,04-08-2024,West
1837,07-08-2024,North
1838,03-04-2024,West
1839,31-01-2023,East
1840,25-03-2022,West
1841,14-05-2022,West
1842,13-07-2023,South
1843,03-07-2023,North
1844,07-03-2023,South
1845,04-11-2024,East
1846,24-12-2023,East
1847,10-03-2022,East
1848,30-09-2022,East
1849,07-12-2024,South
1850,13-02-2022,West
1851,11-04-2023,North
1852,22-11-2022,South
1853,29-05-2022,East
1854,09-10-2022,South
1855,21-10-2022,West
1856,24-11-2023,East
1857,23-06-2023,West
1858,16-08-2023,West
1859,26-07-2022,East
1860,29-12-2024,South
1861,24-08-2023,North
1862,04-09-2023,West
1863,03-01-2023,East
1864,30-11-2023,West
1865,11-07-2024,East
1866,03-02-2024,West
1867,19-07-2023,West
1868,14-04-2022,North
1869,19-01-2024,West
1870,12-09-2024,East
1871,24-08-2024,North
1872,25-12-2022,North
1873,24-12-2023,South
1874,18-05-2022,North
1875,28-09-2024,East
1876,23-03-2024,East
1877,26-09-2022,South
1878,04-10-2024,South
1879,25-09-2024,East
1880,03-01-2023,North
1881,26-03-2024,West
1882,06-10-2022,South
1883,30-06-2022,South
1884,16-01-2022,East
1885,16-10-2022,East
1886,07-05-2024,West
1887,04-01-2022,North
1888,13-08-2024,South
1889,13-01-2023,East
1890,14-03-2023,East
1891,17-05-2024,East
1892,15-10-2024,South
1893,11-09-2023,East
1894,20-07-2023,West
1895,19-03-2022,South
1896,07-12-2024,East
1897,06-06-2023,North
1898,13-07-2023,East
1899,10-07-2023,West
1900,09-09-2024,South
1901,06-01-2023,East
1902,05-09-2024,West
1903,19-04-2023,South
1904,20-04-2023,South
1905,02-03-2023,West
1906,05-10-2024,East
1907,11-11-2023,North
1908,15-11-2023,West
1909,30-10-2024,East
1910,01-08-2022,North
1911,29-02-2024,West
1912,25-02-2024,North
1913,24-06-2024,West
1914,20-12-2024,North
1915,14-10-2024,West
1916,16-11-2024,North
1917,25-09-2023,West
1918,09-06-2023,North
1919,08-09-2024,North
1920,01-09-2024,South
1921,05-09-2024,West
1922,23-10-2022,South
1923,29-01-2022,East
1924,17-03-2022,South
1925,16-01-2024,North
1926,25-11-2024,East
1927,13-02-2022,East
1928,30-03-2023,North
1929,12-09-2023,South
1930,28-06-2024,West
1931,29-08-2022,East
1932,22-11-2023,West
1933,10-05-2023,North
1934,17-10-2024,South
1935,11-10-2023,North
1936,18-05-2024,South
1937,30-01-2023,West
1938,13-01-2023,West
1939,17-05-2024,West
1940,03-08-2022,East
1941,06-02-2024,West
1942,11-04-2024,South
1943,18-06-2024,South
1944,03-04-2023,South
1945,18-12-2024,East
1946,25-04-2023,South
1947,17-09-2023,East
1948,23-11-2022,East
1949,17-05-2024,North
1950,14-12-2022,South
1951,13-10-2024,North
1952,16-10-2024,North
1953,18-09-2023,South
1954,09-12-2023,South
1955,02-10-2023,South
1956,31-03-2022,West
1957,12-06-2024,South
1958,16-06-2024,West
1959,04-09-2023,South
1960,02-12-2022,East
1961,12-11-2022,North
1962,30-12-2024,North
1963,06-12-2024,East
1964,26-05-2024,East
1965,20-10-2024,North
1966,04-05-2023,North
1967,09-05-2024,South
1968,07-12-2023,West
1969,10-12-2022,South
1970,21-11-2022,West
1971,20-11-2024,West
1972,30-11-2022,West
1973,03-01-2024,North
1974,29-10-2024,East
1975,24-09-2024,East
1976,09-04-2024,West
1977,05-09-2024,South
1978,03-02-2024,East
1979,17-03-2023,South
1980,15-07-2024,West
1981,20-03-2023,East
1982,28-08-2022,North
1983,01-12-2022,West
1984,21-01-2023,North
1985,23-05-2024,West
1986,24-10-2022,West
1987,25-12-2024,West
1988,18-09-2023,East
1989,18-07-2022,West
1990,09-03-2024,East
1991,14-12-2022,South
1992,06-11-2023,West
1993,11-02-2022,East
1994,28-03-2024,North
1995,02-07-2023,South
1996,11-11-2024,West
1997,09-03-2024,East
1998,21-01-2022,South
1999,17-10-2022,East
2000,10-02-2023,West
2001,04-03-2024,West
2002,08-01-2022,South
2003,24-11-2022,East
2004,24-10-2024,North
2005,03-10-2022,West
2006,18-07-2024,East
2007,13-03-2022,East
2008,21-09-2024,East
2009,14-01-2022,West
2010,05-03-2024,East
2011,13-02-2023,West
2012,01-10-2022,West
2013,25-05-2024,North
2014,15-07-2023,West
2015,11-02-2023,North
2016,12-07-2023,North
2017,19-03-2022,South
2018,16-07-2024,North
2019,03-04-2024,East
2020,17-11-2024,West
2021,17-09-2022,North
2022,12-09-2024,North
2023,13-08-2023,West
2024,22-10-2022,East
2025,28-01-2022,North
2026,30-03-2024,North
2027,11-12-2024,East
2028,26-03-2023,West
2029,13-03-2023,East
2030,19-09-2023,West
2031,08-02-2022,West
2032,05-04-2022,North
2033,24-01-2024,West
2034,20-08-2023,East
2035,08-09-2023,West
2036,19-05-2022,West
2037,15-07-2023,South
2038,16-03-2024,North
2039,16-04-2022,East
2040,02-01-2022,North
2041,20-10-2022,West
2042,04-02-2024,South
2043,22-03-2024,East
2044,04-06-2022,North
2045,21-01-2023,East
2046,16-08-2023,West
2047,28-05-2022,East
2048,30-04-2024,North
2049,04-03-2024,East
2050,14-10-2024,South
2051,05-08-2022,West
2052,19-12-2023,South
2053,26-03-2023,North
2054,08-08-2022,South
2055,02-03-2024,East
2056,04-12-2022,East
2057,15-07-2023,North
2058,02-02-2022,East
2059,02-12-2022,North
2060,26-01-2024,North
2061,21-04-2022,West
2062,19-08-2023,East
2063,11-04-2024,North
2064,27-09-2022,East
2065,31-08-2024,West
2066,04-03-2024,West
2067,30-04-2022,East
2068,19-03-2022,South
2069,05-07-2024,West
2070,21-03-2024,East
2071,20-10-2024,South
2072,03-01-2023,South
2073,05-01-2022,East
2074,18-06-2022,North
2075,19-05-2023,North
2076,18-07-2024,East
2077,09-02-2022,East
2078,15-04-2024,West
2079,12-11-2024,East
2080,27-11-2024,North
2081,03-05-2022,North
2082,14-03-2024,East
2083,20-12-2022,West
2084,06-03-2023,North
2085,20-09-2024,South
2086,10-07-2022,North
2087,17-06-2022,South
2088,13-05-2024,East
2089,24-06-2022,South
2090,05-06-2022,East
2091,10-03-2022,South
2092,23-07-2022,South
2093,25-12-2023,West
2094,06-10-2022,East
2095,02-01-2023,West
2096,21-12-2023,East
2097,26-04-2024,East
2098,12-07-2024,North
2099,26-03-2022,West
2100,19-11-2024,North
2101,02-07-2024,West
2102,13-04-2023,North
2103,05-12-2022,North
2104,20-04-2023,East
2105,11-03-2024,West
2106,19-02-2023,South
2107,04-12-2023,East
2108,21-10-2022,South
2109,15-02-2022,West
2110,12-03-2022,West
2111,20-10-2022,South
2112,19-09-2022,West
2113,02-11-2024,East
2114,13-05-2023,North
2115,13-07-2023,South
2116,04-07-2022,West
2117,19-03-2022,East
2118,27-05-2023,South
2119,07-03-2023,West
2120,15-04-2022,South
2121,28-03-2024,North
2122,29-02-2024,North
2123,21-01-2024,North
2124,30-03-2024,East
2125,02-10-2024,South
2126,18-12-2023,East
2127,23-01-2022,East
2128,14-02-2024,West
2129,09-10-2023,South
2130,23-01-2024,North
2131,13-09-2022,West
2132,03-04-2024,West
2133,06-11-2024,East
2134,02-08-2024,West
2135,18-08-2022,South
2136,03-03-2024,West
2137,10-09-2023,North
2138,11-07-2024,West
2139,06-05-2024,North
2140,13-01-2022,South
2141,05-12-2022,South
2142,11-02-2022,West
2143,08-03-2024,South
2144,21-05-2024,North
2145,06-12-2023,North
2146,28-08-2022,South
2147,19-11-2023,South
2148,29-10-2024,East
2149,25-03-2022,East
2150,30-07-2023,North
2151,14-11-2022,South
2152,29-12-2024,West
2153,21-05-2023,North
2154,16-12-2023,West
2155,10-09-2023,South
2156,02-05-2022,North
2157,03-02-2023,East
2158,02-02-2023,North
2159,26-12-2022,North
2160,15-05-2022,South
2161,05-12-2023,North
2162,05-11-2023,West
2163,13-10-2024,South
2164,27-02-2022,South
2165,17-06-2024,East
2166,14-05-2023,South
2167,21-06-2022,East
2168,08-07-2022,North
2169,18-01-2024,North
2170,30-12-2024,North
2171,09-09-2024,West
2172,04-05-2024,West
2173,06-06-2023,East
2174,31-01-2022,West
2175,07-04-2022,South
2176,24-02-2022,East
2177,03-04-2022,East
2178,20-02-2023,North
2179,22-08-2023,South
2180,23-02-2023,South
2181,12-08-2024,North
2182,01-10-2023,East
2183,15-04-2023,East
2184,24-02-2023,West
2185,04-11-2022,West
2186,11-04-2024,West
2187,05-07-2022,North
2188,08-05-2024,West
2189,03-10-2024,East
2190,05-05-2023,East
2191,02-06-2022,East
2192,02-05-2023,South
2193,13-01-2022,East
2194,09-09-2022,East
2195,07-04-2022,South
2196,15-11-2023,West
2197,18-07-2023,West
2198,07-06-2024,West
2199,14-05-2024,South
2200,05-01-2022,South
2201,14-12-2022,South
2202,22-02-2022,North
2203,28-03-2023,West
2204,08-02-2023,South
2205,13-09-2024,East
2206,20-09-2024,East
2207,24-03-2024,East
2208,29-07-2023,West
2209,20-11-2024,South
2210,09-06-2024,South
2211,27-10-2022,North
2212,29-05-2022,East
2213,24-05-2024,South
2214,29-11-2023,South
2215,02-03-2023,South
2216,15-09-2022,South
2217,17-04-2024,East
2218,30-06-2023,North
2219,26-10-2022,West
2220,13-07-2024,South
2221,22-02-2024,South
2222,28-04-2024,North
2223,30-10-2024,South
2224,11-06-2024,North
2225,03-09-2022,South
2226,27-03-2022,East
2227,16-02-2022,West
2228,25-02-2024,West
2229,31-01-2022,South
2230,06-08-2024,West
2231,05-12-2023,East
2232,24-07-2024,South
2233,09-12-2022,South
2234,15-09-2023,West
2235,28-10-2022,East
2236,28-04-2023,South
2237,13-09-2024,North
2238,01-11-2022,East
2239,07-06-2022,North
2240,22-06-2024,North
2241,08-08-2024,South
2242,08-02-2022,East
2243,11-07-2024,North
2244,03-06-2023,South
2245,02-12-2023,West
2246,18-07-2023,South
2247,21-03-2024,South
2248,24-12-2024,South
2249,24-08-2023,South
2250,22-08-2023,West
2251,10-10-2022,West
2252,16-08-2024,North
2253,31-01-2022,North
2254,08-08-2024,East
2255,13-03-2024,North
2256,18-01-2022,East
2257,12-01-2022,East
2258,19-02-2024,South
2259,14-08-2023,East
2260,13-04-2022,East
2261,29-02-2024,East
2262,16-07-2023,West
2263,13-04-2023,North
2264,12-08-2024,North
2265,19-07-2023,North
2266,26-05-2023,South
2267,18-10-2024,South
2268,04-05-2024,West
2269,18-06-2022,South
2270,06-09-2024,South
2271,05-02-2023,North
2272,16-09-2022,East
2273,07-03-2024,East
2274,28-12-2023,North
2275,24-03-2023,East
2276,07-10-2024,North
2277,17-06-2024,North
2278,10-03-2023,North
2279,28-06-2024,West
2280,02-06-2024,East
2281,27-04-2022,East
2282,26-04-2024,West
2283,05-06-2022,South
2284,27-04-2022,East
2285,10-08-2022,North
2286,22-04-2022,East
2287,10-06-2022,South
2288,17-10-2023,West
2289,04-11-2023,South
2290,22-10-2024,South
2291,15-01-2023,East
2292,23-04-2022,South
2293,11-06-2022,South
2294,19-05-2023,East
2295,05-08-2023,West
2296,24-01-2024,East
2297,14-03-2024,East
2298,13-05-2022,East
2299,27-02-2023,North
2300,01-10-2023,North
2301,15-04-2022,East
2302,10-05-2024,South
2303,06-12-2024,North
2304,08-02-2022,West
2305,03-08-2024,South
2306,10-11-2023,East
2307,24-05-2023,West
2308,30-05-2024,North
2309,06-08-2024,West
2310,10-10-2022,North
2311,08-03-2024,North
2312,16-05-2024,South
2313,31-05-2024,West
2314,26-10-2023,East
2315,15-10-2022,North
2316,29-01-2024,West
2317,16-03-2024,West
2318,28-04-2022,West
2319,20-05-2024,South
2320,26-11-2022,East
2321,16-08-2023,South
2322,02-11-2023,North
2323,17-07-2023,West
2324,24-07-2022,North
2325,03-11-2024,South
2326,19-08-2024,South
2327,15-09-2024,East
2328,28-01-2023,East
2329,28-11-2022,West
2330,18-11-2024,East
2331,23-04-2022,East
2332,23-05-2023,West
2333,17-05-2024,East
2334,18-12-2023,North
2335,19-08-2023,South
2336,20-04-2023,South
2337,30-06-2022,North
2338,11-04-2023,West
2339,22-07-2024,East
2340,19-02-2022,East
2341,10-03-2024,West
2342,27-04-2024,South
2343,06-10-2022,South
2344,01-10-2022,West
2345,09-05-2023,South
2346,02-06-2024,West
2347,23-06-2024,North
2348,16-11-2022,South
2349,12-03-2022,East
2350,16-04-2022,South
2351,16-04-2023,South
2352,12-10-2022,West
2353,29-10-2022,East
2354,01-08-2022,East
2355,20-04-2023,West
2356,25-03-2024,South
2357,28-12-2023,South
2358,18-04-2024,East
2359,26-09-2024,West
2360,19-11-2023,East
2361,23-04-2023,North
2362,20-06-2023,West
2363,05-08-2022,South
2364,28-05-2022,West
2365,18-01-2024,East
2366,27-04-2023,North
2367,10-06-2022,North
2368,05-12-2023,North
2369,11-05-2022,West
2370,11-01-2024,North
2371,31-07-2024,North
2372,31-10-2022,South
2373,17-08-2022,West
2374,28-03-2022,North
2375,26-07-2024,East
2376,04-02-2022,North
2377,20-04-2023,West
2378,08-09-2024,West
2379,30-11-2023,North
2380,03-03-2023,West
2381,24-01-2023,South
2382,29-10-2023,East
2383,04-03-2023,East
2384,30-08-2023,East
2385,25-05-2024,South
2386,02-04-2023,West
2387,27-07-2023,West
2388,04-01-2022,East
2389,14-02-2024,West
2390,01-05-2024,East
2391,17-06-2022,North
2392,17-02-2022,North
2393,02-02-2023,South
2394,30-09-2024,East
2395,12-05-2024,East
2396,28-07-2024,East
2397,01-11-2024,East
2398,27-07-2024,East
2399,08-01-2023,East
2400,18-05-2022,West
2401,19-12-2022,West
2402,21-09-2024,North
2403,19-09-2024,South
2404,16-02-2024,East
2405,29-11-2024,South
2406,03-08-2024,West
2407,29-05-2022,North
2408,13-02-2024,East
2409,15-12-2023,North
2410,14-09-2022,South
2411,28-07-2023,North
2412,10-04-2022,East
2413,07-08-2022,South
2414,09-07-2022,North
2415,09-04-2024,East
2416,11-11-2024,West
2417,27-11-2024,East
2418,23-05-2024,South
2419,16-11-2022,North
2420,21-04-2022,East
2421,04-09-2024,South
2422,24-03-2024,North
2423,24-09-2024,South
2424,12-08-2023,West
2425,18-01-2023,West
2426,20-10-2022,North
2427,23-11-2023,North
2428,31-05-2023,South
2429,11-07-2023,South
2430,25-10-2024,West
2431,08-05-2023,North
2432,07-01-2022,South
2433,10-01-2022,North
2434,03-12-2023,East
2435,03-01-2023,West
2436,26-06-2024,North
2437,15-12-2022,East
2438,29-04-2023,West
2439,03-04-2024,South
2440,16-08-2024,North
2441,11-03-2024,West
2442,15-03-2023,West
2443,05-08-2024,North
2444,05-07-2024,East
2445,10-08-2023,West
2446,17-09-2022,West
2447,09-04-2022,North
2448,02-08-2023,West
2449,29-03-2023,West
2450,16-05-2022,South
2451,04-02-2023,East
2452,23-03-2022,North
2453,12-08-2022,West
2454,07-04-2022,West
2455,04-03-2022,West
2456,24-04-2024,North
2457,10-06-2022,East
2458,18-06-2022,West
2459,16-12-2024,South
2460,22-06-2024,South
2461,04-11-2024,South
2462,15-11-2022,West
2463,27-04-2024,North
2464,28-02-2024,West
2465,29-12-2023,West
2466,08-03-2023,West
2467,12-12-2023,West
2468,17-02-2022,North
2469,24-01-2024,South
2470,07-02-2023,East
2471,31-07-2024,West
2472,03-02-2022,West
2473,16-12-2024,North
2474,11-11-2022,South
2475,14-10-2024,South
2476,27-01-2024,South
2477,30-08-2022,South
2478,23-01-2023,East
2479,02-01-2023,West
2480,25-11-2024,East
2481,07-11-2023,South
2482,15-07-2024,South
2483,04-06-2024,North
2484,02-03-2022,North
2485,25-11-2023,West
2486,10-05-2022,West
2487,09-01-2024,South
2488,25-12-2023,South
2489,06-12-2022,North
2490,07-08-2024,West
2491,06-01-2023,South
2492,25-09-2024,East
2493,26-11-2023,West
2494,02-02-2024,North
2495,05-07-2024,East
2496,16-11-2023,South
2497,19-10-2024,North
2498,10-10-2024,South
2499,29-01-2024,West
2500,06-09-2024,East
2501,07-06-2023,East
2502,12-04-2024,East
2503,22-08-2024,North
2504,15-10-2022,East
2505,28-06-2022,North
2506,10-06-2023,West
2507,23-03-2023,South
2508,17-02-2022,West
2509,19-09-2023,West
2510,29-03-2024,North
2511,02-12-2024,East
2512,24-07-2024,South
2513,02-04-2023,West
2514,28-12-2024,North
2515,24-05-2024,West
2516,09-02-2023,North
2517,17-09-2023,North
2518,07-05-2023,North
2519,22-11-2023,North
2520,16-06-2022,West
2521,20-11-2024,North
2522,08-06-2023,East
2523,12-06-2022,West
2524,21-11-2024,East
2525,06-09-2022,North
2526,23-03-2024,West
2527,16-03-2022,South
2528,18-10-2024,East
2529,30-07-2023,South
2530,04-01-2023,West
2531,31-05-2023,West
2532,08-12-2023,South
2533,21-12-2022,East
2534,19-08-2024,East
2535,26-10-2024,South
2536,24-08-2024,South
2537,23-11-2023,East
2538,04-11-2022,South
2539,20-07-2024,East
2540,10-12-2022,East
2541,27-07-2024,East
2542,24-05-2024,North
2543,25-10-2023,East
2544,09-02-2023,West
2545,03-02-2023,North
2546,08-12-2024,South
2547,01-02-2023,East
2548,16-11-2023,South
2549,29-01-2022,South
2550,24-04-2022,East
2551,19-10-2022,East
2552,12-08-2022,East
2553,02-10-2024,South
2554,13-09-2023,East
2555,25-07-2022,South
2556,09-12-2023,East
2557,31-03-2024,East
2558,23-04-2022,East
2559,06-07-2024,North
2560,10-12-2022,West
2561,27-01-2022,North
2562,14-10-2022,North
2563,23-11-2024,South
2564,08-04-2023,West
2565,21-07-2022,North
2566,07-11-2022,West
2567,30-05-2023,East
2568,30-04-2022,North
2569,13-12-2023,South
2570,11-05-2023,South
2571,11-09-2023,South
2572,03-03-2022,East
2573,30-03-2024,West
2574,27-06-2022,East
2575,02-03-2023,West
2576,04-11-2024,West
2577,01-10-2024,North
2578,17-06-2023,West
2579,20-11-2023,South
2580,24-11-2023,West
2581,04-05-2024,South
2582,22-04-2023,South
2583,31-01-2024,West
2584,24-12-2023,West
2585,09-11-2022,East
2586,03-11-2024,East
2587,12-08-2023,South
2588,08-02-2023,South
2589,16-01-2024,West
2590,02-08-2023,West
2591,13-01-2024,West
2592,20-11-2024,South
2593,13-10-2023,South
2594,09-05-2022,West
2595,21-12-2022,West
2596,22-11-2024,West
2597,27-01-2023,West
2598,08-05-2022,South
2599,10-02-2023,South
2600,26-03-2024,South
2601,20-10-2023,East
2602,06-06-2024,North
2603,24-05-2023,East
2604,17-12-2023,South
2605,20-06-2024,North
2606,21-12-2022,North
2607,20-06-2023,North
2608,08-12-2024,West
2609,18-07-2022,North
2610,05-10-2023,South
2611,04-09-2023,South
2612,01-08-2023,East
2613,05-03-2022,South
2614,13-08-2022,South
2615,17-04-2022,North
2616,25-05-2023,East
2617,20-10-2024,East
2618,21-06-2022,North
2619,22-08-2022,South
2620,17-03-2023,West
2621,02-11-2024,South
2622,17-01-2023,North
2623,13-02-2022,South
2624,07-02-2022,South
2625,05-05-2022,South
2626,14-08-2022,North
2627,26-01-2024,South
2628,11-12-2024,South
2629,23-06-2024,North
2630,23-11-2023,North
2631,23-02-2024,West
2632,24-06-2024,North
2633,08-07-2023,West
2634,29-10-2024,East
2635,05-01-2024,North
2636,19-08-2022,South
2637,27-01-2023,West
2638,09-08-2024,East
2639,03-11-2022,West
2640,09-04-2022,East
2641,09-08-2023,South
2642,25-09-2023,South
2643,16-05-2022,West
2644,10-12-2024,West
2645,30-05-2024,East
2646,06-06-2023,North
2647,04-01-2024,South
2648,16-09-2023,North
2649,17-03-2023,North
2650,31-12-2023,North
2651,09-04-2022,South
2652,03-05-2023,South
2653,10-05-2024,North
2654,18-08-2022,West
2655,14-07-2022,North
2656,29-04-2024,South
2657,22-02-2024,North
2658,24-06-2023,South
2659,13-11-2024,North
2660,29-05-2023,East
2661,11-06-2023,North
2662,05-03-2022,South
2663,19-03-2023,North
2664,22-08-2023,East
2665,19-02-2022,West
2666,17-09-2024,East
2667,08-04-2022,East
2668,10-06-2024,North
2669,05-11-2022,South
2670,03-05-2022,North
2671,25-12-2024,East
2672,16-06-2024,South
2673,05-07-2024,North
2674,03-12-2023,North
2675,30-01-2024,East
2676,06-08-2024,West
2677,18-01-2022,East
2678,28-02-2023,West
2679,27-08-2022,South
2680,14-10-2023,West
2681,23-06-2022,East
2682,02-06-2023,South
2683,13-08-2023,East
2684,12-03-2022,South
2685,03-06-2023,North
2686,03-07-2022,East
2687,14-09-2023,North
2688,28-04-2022,East
2689,08-04-2022,West
2690,21-03-2022,East
2691,27-02-2023,West
2692,28-11-2022,South
2693,11-02-2022,North
2694,21-05-2023,North
2695,14-09-2022,North
2696,15-06-2024,East
2697,23-03-2022,North
2698,09-06-2022,West
2699,07-04-2023,South
2700,22-10-2023,South
2701,10-08-2023,West
2702,24-12-2022,West
2703,04-09-2024,South
2704,22-01-2024,East
2705,26-06-2024,South
2706,26-10-2024,East
2707,10-05-2024,South
2708,04-12-2023,North
2709,19-03-2023,West
2710,21-04-2023,North
2711,12-11-2022,West
2712,02-08-2022,South
2713,23-08-2023,West
2714,12-05-2024,West
2715,24-05-2024,South
2716,19-12-2024,West
2717,28-01-2022,West
2718,29-01-2022,West
2719,01-11-2022,South
2720,04-06-2023,North
2721,27-03-2022,South
2722,22-10-2022,South
2723,29-03-2022,North
2724,26-08-2022,South
2725,17-10-2023,West
2726,25-10-2023,West
2727,07-06-2022,West
2728,10-10-2023,East
2729,02-09-2022,West
2730,25-04-2023,East
2731,24-03-2024,East
2732,09-01-2023,West
2733,13-11-2022,East
2734,04-03-2023,West
2735,12-02-2022,South
2736,28-03-2022,North
2737,02-06-2023,East
2738,15-05-2022,North
2739,14-10-2023,North
2740,17-10-2022,East
2741,16-07-2023,South
2742,23-09-2024,East
2743,11-08-2022,West
2744,11-06-2023,West
2745,01-04-2024,East
2746,25-12-2024,West
2747,05-07-2022,West
2748,16-07-2024,South
2749,14-12-2022,North
2750,16-02-2023,East
2751,05-12-2024,North
2752,23-08-2023,North
2753,14-02-2024,East
2754,16-09-2023,West
2755,26-11-2022,North
2756,04-07-2024,North
2757,26-02-2024,East
2758,12-02-2024,South
2759,03-10-2023,South
2760,17-01-2024,West
2761,02-06-2023,West
2762,22-04-2022,West
2763,21-02-2024,South
2764,21-02-2023,East
2765,04-08-2022,North
2766,07-02-2023,West
2767,07-08-2024,North
2768,05-02-2023,South
2769,22-01-2024,South
2770,12-10-2023,South
2771,26-09-2023,East
2772,01-06-2024,West
2773,12-08-2023,East
2774,06-08-2023,West
2775,29-03-2024,East
2776,21-02-2023,South
2777,11-02-2022,West
2778,05-08-2024,West
2779,04-08-2023,South
2780,21-08-2022,East
2781,13-08-2023,East
2782,13-12-2023,West
2783,26-01-2023,East
2784,27-08-2023,South
2785,10-01-2022,West
2786,07-04-2022,South
2787,23-10-2023,North
2788,01-03-2024,South
2789,06-03-2023,South
2790,27-07-2023,South
2791,16-01-2024,East
2792,29-11-2023,North
2793,06-04-2024,South
2794,26-07-2024,North
2795,31-05-2023,North
2796,28-05-2024,West
2797,05-10-2022,North
2798,09-10-2023,South
2799,20-09-2023,East
2800,25-03-2023,South
2801,28-03-2024,North
2802,31-07-2023,West
2803,15-11-2023,West
2804,19-06-2024,West
2805,24-07-2024,West
2806,15-09-2022,West
2807,24-01-2024,East
2808,21-03-2024,West
2809,17-01-2022,South
2810,20-12-2024,South
2811,07-03-2023,East
2812,28-09-2022,North
2813,01-07-2024,West
2814,27-11-2024,South
2815,01-03-2023,East
2816,22-07-2023,North
2817,18-06-2024,South
2818,08-11-2024,North
2819,18-11-2022,East
2820,10-03-2022,West
2821,18-01-2024,South
2822,14-12-2024,West
2823,24-02-2023,North
2824,31-03-2022,South
2825,17-05-2024,South
2826,05-10-2022,East
2827,22-11-2023,North
2828,28-07-2024,East
2829,24-05-2023,West
2830,28-11-2024,North
2831,01-03-2023,South
2832,04-06-2022,North
2833,27-05-2023,West
2834,25-06-2022,South
2835,12-08-2023,East
2836,09-07-2024,North
2837,17-04-2024,West
2838,12-12-2023,West
2839,07-01-2022,East
2840,30-05-2022,North
2841,28-05-2024,West
2842,01-01-2022,North
2843,01-12-2022,North
2844,07-08-2024,East
2845,29-05-2024,South
2846,25-04-2022,South
2847,29-07-2024,West
2848,11-10-2023,North
2849,09-09-2024,East
2850,15-03-2022,West
2851,26-10-2023,South
2852,25-09-2023,North
2853,17-07-2024,West
2854,10-01-2024,West
2855,22-09-2024,West
2856,05-09-2022,North
2857,02-05-2024,East
2858,09-03-2023,West
2859,21-09-2024,East
2860,06-04-2022,East
2861,07-03-2022,East
2862,26-02-2024,East
2863,11-01-2022,North
2864,14-07-2023,East
2865,06-07-2023,North
2866,15-09-2022,South
2867,28-01-2022,South
2868,10-12-2024,West
2869,11-06-2023,North
2870,20-12-2024,East
2871,27-02-2023,West
2872,19-11-2023,East
2873,20-02-2024,West
2874,27-11-2023,East
2875,27-01-2022,East
2876,04-07-2024,South
2877,26-06-2023,North
2878,24-05-2024,South
2879,22-08-2022,West
2880,28-09-2022,North
2881,28-05-2024,West
2882,08-10-2022,South
2883,19-01-2022,East
2884,29-04-2023,West
2885,24-04-2023,North
2886,15-06-2023,North
2887,22-03-2023,South
2888,20-09-2023,North
2889,30-06-2022,North
2890,18-02-2024,East
2891,02-02-2023,East
2892,08-03-2024,North
2893,08-10-2023,South
2894,10-10-2023,West
2895,05-04-2023,South
2896,01-08-2024,East
2897,12-10-2024,South
2898,29-07-2022,West
2899,13-02-2024,North
2900,07-05-2022,West
2901,19-05-2022,East
2902,12-08-2022,South
2903,13-10-2023,North
2904,05-07-2024,North
2905,17-03-2023,West
2906,01-11-2023,East
2907,02-10-2024,East
2908,09-04-2023,South
2909,09-07-2022,North
2910,10-03-2024,South
2911,08-05-2022,North
2912,02-03-2024,North
2913,19-07-2022,North
2914,24-01-2023,West
2915,01-10-2024,North
2916,30-03-2023,South
2917,24-03-2022,East
2918,25-03-2023,East
2919,20-01-2023,East
2920,22-05-2022,South
2921,15-02-2023,West
2922,03-03-2022,East
2923,02-11-2022,South
2924,24-12-2024,North
2925,30-03-2023,South
2926,03-12-2022,West
2927,07-12-2024,West
2928,07-03-2024,West
2929,08-01-2023,North
2930,16-05-2022,West
2931,29-04-2024,North
2932,08-01-2023,South
2933,25-02-2022,North
2934,08-04-2024,West
2935,17-03-2023,South
2936,23-07-2024,East
2937,06-03-2024,South
2938,18-03-2022,South
2939,03-05-2024,North
2940,22-09-2022,North
2941,29-09-2022,East
2942,01-06-2024,North
2943,20-10-2022,West
2944,05-09-2024,East
2945,16-07-2023,East
2946,15-07-2023,West
2947,08-08-2023,North
2948,29-04-2022,East
2949,17-12-2022,South
2950,30-09-2022,West
2951,06-11-2022,North
2952,11-04-2024,South
2953,01-06-2023,North
2954,06-11-2023,West
2955,18-01-2024,West
2956,24-02-2022,West
2957,31-01-2024,West
2958,26-05-2023,South
2959,28-01-2023,East
2960,01-10-2023,West
2961,18-12-2022,East
2962,24-12-2022,West
2963,17-06-2022,West
2964,01-01-2023,West
2965,07-07-2024,South
2966,31-07-2022,North
2967,04-06-2023,East
2968,29-08-2023,South
2969,06-04-2023,East
2970,04-02-2023,West
2971,27-08-2022,West
2972,13-06-2022,South
2973,20-08-2023,South
2974,18-10-2024,West
2975,14-09-2024,West
2976,17-08-2022,North
2977,21-04-2022,North
2978,13-01-2022,South
2979,28-08-2024,West
2980,13-08-2022,North
2981,01-09-2023,South
2982,20-07-2023,South
2983,22-12-2022,West
2984,25-03-2023,North
2985,14-05-2023,South
2986,23-01-2024,East
2987,25-03-2023,South
2988,27-08-2022,South
2989,15-07-2022,South
2990,08-07-2024,East
2991,07-11-2022,East
2992,18-10-2022,North
2993,17-05-2024,East
2994,09-03-2022,East
2995,01-01-2022,South
2996,22-06-2022,North
2997,15-07-2022,West
2998,15-03-2023,South
2999,16-01-2022,North
3000,28-10-2024,West
3001,23-08-2024,East
3002,24-11-2024,South
3003,20-10-2024,North
3004,26-01-2022,East
3005,16-04-2023,West
3006,18-07-2024,North
3007,21-11-2022,South
3008,29-11-2022,South
3009,01-07-2023,East
3010,02-02-2023,South
3011,13-12-2024,North
3012,27-08-2022,North
3013,26-05-2022,South
3014,04-02-2024,South
3015,12-12-2024,South
3016,07-02-2023,North
3017,24-04-2023,West
3018,26-09-2023,East
3019,02-10-2022,East
3020,12-09-2022,North
3021,18-01-2023,North
3022,24-11-2022,West
3023,07-03-2024,East
3024,07-10-2024,East
3025,29-08-2022,North
3026,31-01-2022,East
3027,14-12-2023,East
3028,13-08-2023,South
3029,12-12-2024,West
3030,11-02-2022,North
3031,16-11-2023,East
3032,04-03-2022,North
3033,29-06-2022,West
3034,28-08-2023,North
3035,16-09-2022,West
3036,02-12-2022,East
3037,02-10-2022,South
3038,19-05-2022,South
3039,05-06-2022,South
3040,11-06-2022,East
3041,14-03-2023,West
3042,17-11-2023,North
3043,27-09-2024,West
3044,17-02-2022,South
3045,12-05-2022,North
3046,05-02-2022,South
3047,29-08-2022,South
3048,04-12-2023,South
3049,20-04-2024,South
3050,25-05-2024,East
3051,09-10-2024,West
3052,07-03-2022,East
3053,26-10-2023,West
3054,31-05-2022,South
3055,16-09-2022,South
3056,22-11-2023,North
3057,26-04-2024,North
3058,21-08-2022,North
3059,16-01-2023,West
3060,02-02-2022,North
3061,11-07-2024,South
3062,04-06-2022,East
3063,26-11-2022,East
3064,25-06-2024,West
3065,01-11-2023,South
3066,26-10-2024,North
3067,12-05-2023,South
3068,04-03-2023,West
3069,08-03-2022,South
3070,22-12-2023,West
3071,04-11-2022,South
3072,15-12-2022,East
3073,23-09-2022,West
3074,03-10-2024,South
3075,17-10-2024,West
3076,22-03-2024,East
3077,10-04-2023,West
3078,10-07-2023,East
3079,04-11-2022,South
3080,16-04-2022,East
3081,02-04-2023,North
3082,11-06-2024,East
3083,26-12-2024,South
3084,12-11-2024,South
3085,25-09-2022,East
3086,07-03-2023,West
3087,19-11-2022,North
3088,16-02-2023,South
3089,01-08-2024,North
3090,24-09-2023,South
3091,24-06-2023,East
3092,04-12-2023,South
3093,24-12-2024,West
3094,13-02-2022,North
3095,20-07-2023,West
3096,20-12-2024,South
3097,02-11-2024,South
3098,16-02-2024,West
3099,29-11-2022,South
3100,25-05-2022,South
3101,04-10-2023,East
3102,04-01-2024,East
3103,31-05-2024,West
3104,18-04-2023,East
3105,13-05-2023,South
3106,31-03-2023,South
3107,03-08-2024,East
3108,16-12-2023,South
3109,21-08-2024,North
3110,02-01-2024,West
3111,06-03-2024,West
3112,19-09-2023,East
3113,13-05-2022,North
3114,19-06-2024,East
3115,12-07-2022,East
3116,21-03-2022,South
3117,28-04-2024,North
3118,20-04-2022,South
3119,25-06-2024,South
3120,26-12-2024,West
3121,28-04-2024,East
3122,01-10-2022,East
3123,01-06-2024,South
3124,20-07-2023,South
3125,09-06-2024,West
3126,29-10-2022,West
3127,03-02-2022,West
3128,13-02-2023,East
3129,28-07-2022,East
3130,08-05-2024,South
3131,16-07-2023,West
3132,21-02-2024,East
3133,14-08-2023,West
3134,27-01-2023,East
3135,13-06-2022,East
3136,06-12-2022,South
3137,13-05-2022,North
3138,12-12-2022,North
3139,01-08-2024,East
3140,31-03-2023,North
3141,21-09-2024,North
3142,29-11-2023,East
3143,01-11-2022,North
3144,08-01-2024,East
3145,28-10-2022,East
3146,18-01-2022,South
3147,22-02-2023,West
3148,24-02-2023,South
3149,12-04-2024,North
3150,22-12-2023,North
3151,27-10-2022,West
3152,18-08-2024,North
3153,14-10-2022,West
3154,20-06-2023,North
3155,19-12-2023,West
3156,18-09-2022,South
3157,21-12-2024,East
3158,16-05-2022,North
3159,27-09-2023,West
3160,02-03-2024,South
3161,31-05-2024,East
3162,04-03-2024,South
3163,11-04-2023,East
3164,01-05-2024,North
3165,20-12-2024,West
3166,22-11-2023,West
3167,23-12-2022,North
3168,22-06-2022,West
3169,17-03-2023,North
3170,16-01-2022,North
3171,12-01-2024,South
3172,22-05-2023,North
3173,09-03-2022,South
3174,09-02-2023,West
3175,12-06-2023,West
3176,24-11-2022,South
3177,21-11-2024,North
3178,14-08-2024,North
3179,14-08-2024,South
3180,29-08-2023,South
3181,11-01-2024,East
3182,27-06-2023,South
3183,17-01-2024,South
3184,10-01-2023,North
3185,01-08-2023,West
3186,26-12-2024,South
3187,13-12-2024,South
3188,17-10-2022,West
3189,12-03-2024,East
3190,20-05-2024,West
3191,28-06-2024,South
3192,21-10-2024,East
3193,31-01-2023,West
3194,20-12-2024,North
3195,25-11-2023,East
3196,05-09-2023,East
3197,20-03-2024,West
3198,11-04-2022,North
3199,06-12-2024,East
3200,04-06-2022,East
3201,22-03-2024,North
3202,19-11-2024,West
3203,24-02-2022,East
3204,14-11-2022,West
3205,01-12-2023,North
3206,14-01-2024,West
3207,12-02-2023,North
3208,13-09-2023,South
3209,01-09-2024,West
3210,27-12-2023,South
3211,23-03-2022,West
3212,27-12-2024,West
3213,10-11-2022,South
3214,29-11-2023,North
3215,16-08-2022,West
3216,23-11-2023,South
3217,21-09-2023,East
3218,30-07-2023,South
3219,12-05-2022,South
3220,27-11-2022,North
3221,20-09-2023,North
3222,24-11-2024,West
3223,23-08-2022,West
3224,04-05-2023,East
3225,05-08-2022,West
3226,15-11-2024,West
3227,04-01-2022,North
3228,04-11-2022,West
3229,09-08-2023,South
3230,02-08-2022,South
3231,04-12-2023,South
3232,03-09-2022,East
3233,20-04-2024,East
3234,15-07-2024,North
3235,13-03-2023,East
3236,08-11-2022,West
3237,13-01-2023,West
3238,14-04-2022,East
3239,09-02-2024,West
3240,27-11-2022,West
3241,13-05-2024,West
3242,17-04-2022,North
3243,29-09-2023,West
3244,11-02-2023,South
3245,23-07-2023,East
3246,04-04-2022,North
3247,19-02-2022,East
3248,07-12-2023,North
3249,18-10-2024,South
3250,18-04-2022,North
3251,18-10-2023,West
3252,29-12-2023,West
3253,31-07-2023,South
3254,03-09-2024,West
3255,12-09-2022,South
3256,08-06-2023,North
3257,24-11-2024,West
3258,13-08-2022,South
3259,06-08-2024,North
3260,16-04-2024,East
3261,27-12-2024,East
3262,08-09-2024,North
3263,04-09-2023,East
3264,13-10-2023,East
3265,29-11-2023,South
3266,21-10-2024,East
3267,05-10-2024,West
3268,29-10-2022,East
3269,25-10-2024,East
3270,24-01-2022,North
3271,06-02-2024,East
3272,21-07-2022,South
3273,03-02-2023,West
3274,10-08-2023,South
3275,28-12-2024,East
3276,19-11-2022,East
3277,18-05-2024,West
3278,03-08-2023,East
3279,06-08-2022,West
3280,26-01-2022,West
3281,07-12-2022,West
3282,02-03-2023,North
3283,01-02-2024,East
3284,30-01-2023,South
3285,28-04-2022,West
3286,27-11-2024,East
3287,07-09-2022,North
3288,12-03-2022,West
3289,10-11-2022,East
3290,03-09-2022,South
3291,30-09-2024,South
3292,08-03-2024,West
3293,19-03-2024,South
3294,21-07-2024,East
3295,07-06-2023,South
3296,13-08-2024,West
3297,05-05-2024,East
3298,20-12-2024,West
3299,30-11-2024,East
3300,16-12-2024,South
3301,19-03-2023,South
3302,28-04-2024,North
3303,29-09-2022,East
3304,30-05-2022,East
3305,07-10-2022,South
3306,13-01-2023,West
3307,06-01-2023,East
3308,11-01-2023,North
3309,16-12-2024,South
3310,14-03-2024,South
3311,26-08-2023,North
3312,10-07-2023,West
3313,18-03-2022,West
3314,18-06-2024,East
3315,20-08-2024,South
3316,18-09-2024,South
3317,06-11-2024,South
3318,24-05-2022,South
3319,01-10-2022,West
3320,05-12-2023,North
3321,08-03-2023,East
3322,30-07-2023,North
3323,14-03-2023,East
3324,30-06-2024,West
3325,25-09-2024,West
3326,05-02-2022,South
3327,24-10-2023,North
3328,11-12-2024,North
3329,13-07-2023,South
3330,05-05-2023,West
3331,31-08-2022,East
3332,16-08-2024,North
3333,20-01-2024,North
3334,11-04-2023,West
3335,20-09-2024,East
3336,03-02-2022,East
3337,11-09-2023,East
3338,29-10-2022,South
3339,22-12-2024,West
3340,26-06-2023,North
3341,25-07-2024,South
3342,12-11-2022,North
3343,05-08-2023,North
3344,23-02-2022,West
3345,06-05-2022,South
3346,27-04-2024,South
3347,28-07-2023,East
3348,06-12-2024,West
3349,08-03-2023,North
3350,25-05-2023,North
3351,03-11-2024,East
3352,19-02-2023,South
3353,05-11-2023,South
3354,02-05-2023,East
3355,24-07-2023,East
3356,16-09-2023,North
3357,29-03-2023,East
3358,27-01-2023,East
3359,16-11-2023,South
3360,21-03-2023,East
3361,01-06-2022,West
3362,04-02-2023,East
3363,04-03-2024,East
3364,19-10-2022,South
3365,27-01-2022,North
3366,06-10-2022,West
3367,16-09-2023,East
3368,10-01-2024,North
3369,02-07-2022,East
3370,01-10-2024,South
3371,04-03-2023,West
3372,26-05-2024,East
3373,10-01-2022,West
3374,19-07-2023,West
3375,11-07-2023,East
3376,05-06-2022,West
3377,20-10-2024,East
3378,31-01-2022,South
3379,30-11-2022,East
3380,14-07-2023,South
3381,22-09-2024,East
3382,29-12-2024,South
3383,16-02-2022,South
3384,06-11-2022,South
3385,27-12-2022,South
3386,03-06-2024,South
3387,01-07-2022,South
3388,30-01-2022,South
3389,07-01-2024,North
3390,30-04-2022,West
3391,28-11-2023,East
3392,15-10-2024,West
3393,20-09-2023,West
3394,20-12-2024,South
3395,18-03-2022,North
3396,11-04-2023,South
3397,04-08-2024,South
3398,29-09-2024,West
3399,11-03-2023,West
3400,13-09-2022,East
3401,29-07-2023,South
3402,14-05-2022,West
3403,09-09-2022,East
3404,19-11-2024,South
3405,19-09-2024,West
3406,03-07-2023,South
3407,17-04-2024,West
3408,18-10-2024,South
3409,16-06-2024,West
3410,14-10-2023,East
3411,12-10-2023,East
3412,11-04-2022,East
3413,06-01-2022,North
3414,06-10-2024,North
3415,27-02-2024,East
3416,10-10-2023,North
3417,03-05-2022,West
3418,05-11-2024,South
3419,03-09-2024,North
3420,04-10-2022,North
3421,17-12-2023,East
3422,27-06-2022,South
3423,03-12-2024,North
3424,10-09-2023,East
3425,07-02-2024,North
3426,09-06-2023,East
3427,16-12-2022,North
3428,17-06-2024,North
3429,10-06-2023,West
3430,22-01-2023,North
3431,18-06-2024,West
3432,13-04-2022,North
3433,09-04-2023,West
3434,17-03-2024,East
3435,19-05-2023,North
3436,20-09-2022,West
3437,02-11-2022,South
3438,18-12-2022,South
3439,07-05-2024,West
3440,07-02-2022,North
3441,03-06-2023,South
3442,01-04-2024,East
3443,07-04-2023,West
3444,18-05-2022,West
3445,25-02-2022,West
3446,03-09-2023,South
3447,22-03-2024,West
3448,15-03-2024,West
3449,23-12-2022,West
3450,26-04-2023,South
3451,15-12-2022,North
3452,13-08-2024,South
3453,20-10-2023,South
3454,12-07-2024,West
3455,01-12-2024,South
3456,14-02-2024,West
3457,31-08-2024,South
3458,19-10-2023,East
3459,16-04-2023,South
3460,17-06-2024,North
3461,28-04-2023,East
3462,15-03-2023,West
3463,20-05-2022,East
3464,21-01-2023,North
3465,23-03-2023,South
3466,28-06-2023,South
3467,30-04-2022,South
3468,24-03-2023,West
3469,25-03-2022,North
3470,02-06-2022,West
3471,31-07-2022,West
3472,21-01-2024,East
3473,13-09-2023,East
3474,19-12-2023,West
3475,02-08-2022,South
3476,25-11-2023,North
3477,29-07-2022,West
3478,04-11-2024,South
3479,20-10-2024,North
3480,19-03-2024,South
3481,21-09-2023,South
3482,11-12-2022,South
3483,24-06-2022,West
3484,06-10-2023,North
3485,06-12-2022,North
3486,15-01-2022,North
3487,04-03-2024,West
3488,24-01-2023,North
3489,01-10-2023,North
3490,28-06-2022,West
3491,14-05-2023,West
3492,04-09-2023,East
3493,20-09-2023,East
3494,01-06-2022,North
3495,03-12-2023,North
3496,15-02-2023,North
3497,18-09-2022,East
3498,12-04-2022,South
3499,18-01-2022,South
3500,01-11-2024,East
